,index,0
0,brier,0.7909319899244333
1,aupr,0.8954659949622166
2,auroc,0.5
