,index,0
0,brier,0.19047619047619047
1,aupr,0.5952380952380952
2,auroc,0.5
