,index,0
0,brier,0.1630952380952381
1,aupr,0.5815476190476191
2,auroc,0.5
