,index,0
0,brier,0.26785714285714285
1,aupr,0.6339285714285714
2,auroc,0.5
