,index,0
0,brier,0.28095238095238095
1,aupr,0.6404761904761904
2,auroc,0.5
