,index,0
0,brier,0.047619047619047616
1,aupr,0.5238095238095238
2,auroc,0.5
