,index,0
0,brier,0.43073047858942065
1,aupr,0.7153652392947103
2,auroc,0.5
