,index,0
0,brier,0.35714285714285715
1,aupr,0.6785714285714286
2,auroc,0.5
