,index,0
0,brier,0.06375808061334633
1,aupr,0.8316584381118608
2,auroc,0.9550689338235294
