,index,0
0,brier,0.07420240520130683
1,aupr,0.9212846574365776
2,auroc,0.9615392953929539
