,index,0
0,brier,0.15752122194923723
1,aupr,0.9534914000249805
2,auroc,0.8646448852735783
