,index,0
0,brier,0.12463778091677595
1,aupr,0.8432032627235051
2,auroc,0.888888888888889
