,index,0
0,brier,0.08299811256302239
1,aupr,0.6771210847052889
2,auroc,0.9051821702609255
