,index,0
0,brier,0.03679761904761905
1,aupr,0.43456620204477836
2,auroc,0.83525
