,index,0
0,brier,0.2199622166246851
1,aupr,0.6482414864570585
2,auroc,0.7050341561869276
