,index,0
0,brier,0.11593376479136817
1,aupr,0.7911431617243434
2,auroc,0.8846812212369514
