,index,0
0,brier,0.1369815281155001
1,aupr,0.8313650375661338
2,auroc,0.8895833333333332
