,index,0
0,brier,0.10113601400930805
1,aupr,0.5880100866699471
2,auroc,0.8192677887261061
