,index,0
0,brier,0.12619614214704658
1,aupr,0.7929989583322729
2,auroc,0.8819838085082501
