,index,0
0,brier,0.032499167842396044
1,aupr,0.5589737870946321
2,auroc,0.93315625
