,index,0
0,brier,0.09316931295427217
1,aupr,0.7251978000523603
2,auroc,0.9091865808823529
