,index,0
0,brier,0.1036196228687887
1,aupr,0.8623823682574036
2,auroc,0.9289900632339657
