,index,0
0,brier,0.22837066212708204
1,aupr,0.6552349999871669
2,auroc,0.6737372561196502
