,index,0
0,brier,0.15273079880352647
1,aupr,0.929918948016931
2,auroc,0.8143897245031079
