,index,0
0,brier,0.08880947849201194
1,aupr,0.8931153221497624
2,auroc,0.942628241104501
