,index,0
0,brier,0.024976546206224665
1,aupr,0.6588130148267465
2,auroc,0.9726250000000001
