,index,0
0,brier,0.1070550127186091
1,aupr,0.8965654875143173
2,auroc,0.914639265572813
