,index,0
0,brier,0.03987921750622197
1,aupr,0.9397993904993117
2,auroc,0.9879044117647059
