,index,0
0,brier,0.06555989176437504
1,aupr,0.8001213805489585
2,auroc,0.9438381908608571
