,index,0
0,brier,0.05495430497315202
1,aupr,0.9570159747670612
2,auroc,0.9799241192411924
