,index,0
0,brier,0.14085448504661774
1,aupr,0.9673270308155505
2,auroc,0.9098150751359422
