,index,0
0,brier,0.16035916966737015
1,aupr,0.8148875094803518
2,auroc,0.8477936646889084
