,index,0
0,brier,0.06655334545789966
1,aupr,0.8462692279789903
2,auroc,0.941001838235294
