,index,0
0,brier,0.036206324031387294
1,aupr,0.5038133658408593
2,auroc,0.888453125
