,index,0
0,brier,0.17939745234867208
1,aupr,0.9497213494789163
2,auroc,0.8447260379096001
