,index,0
0,brier,0.11554201878440432
1,aupr,0.8564113378983708
2,auroc,0.8841820987654321
