,index,0
0,brier,0.10029925334921208
1,aupr,0.8402751618195856
2,auroc,0.9139143001459198
