,index,0
0,brier,0.2232416666277199
1,aupr,0.6979136209306536
2,auroc,0.7041834860011386
