,index,0
0,brier,0.06842046564775467
1,aupr,0.9078231036547838
2,auroc,0.9423920505871726
