,index,0
0,brier,0.08710903380411318
1,aupr,0.646469179586881
2,auroc,0.9004371255619816
