,index,0
0,brier,0.02287586763638302
1,aupr,0.5887302896585145
2,auroc,0.9185156250000001
