,index,0
0,brier,0.052558458076502355
1,aupr,0.8736836765888331
2,auroc,0.9626991869918697
