,index,0
0,brier,0.02828903699834787
1,aupr,0.9110158231911099
2,auroc,0.9820404411764707
