,index,0
0,brier,0.1510384729226494
1,aupr,0.793140405941149
2,auroc,0.8626668995497593
