,index,0
0,brier,0.1273359807443929
1,aupr,0.7293329559355308
2,auroc,0.8814043209876543
