,index,0
0,brier,0.059438291592986525
1,aupr,0.7502307741368855
2,auroc,0.9383663340636064
