,index,0
0,brier,0.08656096438059895
1,aupr,0.9537473807490161
2,auroc,0.9011683677384699
