,index,0
0,brier,0.08975745793432735
1,aupr,0.7953182291537408
2,auroc,0.9197195251992367
