,index,0
0,brier,0.07446455256696496
1,aupr,0.7352487781584148
2,auroc,0.9207670982546127
