,index,0
0,brier,0.10414531594316885
1,aupr,0.83907249797181
2,auroc,0.9052397856100571
