,index,0
0,brier,0.056825994107299375
1,aupr,0.8742075831869144
2,auroc,0.9709375
