,index,0
0,brier,0.2134952658870755
1,aupr,0.6937207421423216
2,auroc,0.7191591626559023
