,index,0
0,brier,0.08052099758964323
1,aupr,0.9113709527664908
2,auroc,0.9492104787714544
