,index,0
0,brier,0.16269569050358698
1,aupr,0.9733419241267793
2,auroc,0.9174660425140051
