,index,0
0,brier,0.126839133427659
1,aupr,0.8573563451305501
2,auroc,0.8850694444444445
