,index,0
0,brier,0.028831455886689856
1,aupr,0.5237456507438394
2,auroc,0.9607968750000001
