,index,0
0,brier,0.052088545282363924
1,aupr,0.7820004603884673
2,auroc,0.9594902830830003
