,index,0
0,brier,0.0791538728762655
1,aupr,0.9810680341685087
2,auroc,0.9132737597892739
