,index,0
0,brier,0.03456359141552582
1,aupr,0.7528521665220343
2,auroc,0.9650677457126243
