,index,0
0,brier,0.09218826172126772
1,aupr,0.8342364409265379
2,auroc,0.9080279510401197
