,index,0
0,brier,0.15889249673192105
1,aupr,0.9037517938709743
2,auroc,0.8459435958955059
