,index,0
0,brier,0.04356810013620409
1,aupr,0.9058116841290809
2,auroc,0.9765043319344794
