,index,0
0,brier,0.06785947211785964
1,aupr,0.8500563773343227
2,auroc,0.9640161770678218
