,index,0
0,brier,0.11751348084801184
1,aupr,0.7632040789317374
2,auroc,0.8747421234646646
