,index,0
0,brier,0.04289343101874295
1,aupr,0.6348129709206476
2,auroc,0.9445913617910463
