,index,0
0,brier,0.09026529233269233
1,aupr,0.9734305869980785
2,auroc,0.8774922060082018
