,index,0
0,brier,0.18110676699839517
1,aupr,0.8667244530329739
2,auroc,0.7929863580808065
