,index,0
0,brier,0.06555645584093164
1,aupr,0.7849160162286747
2,auroc,0.9479959406524954
