,index,0
0,brier,0.03819153530685113
1,aupr,0.9234149160768055
2,auroc,0.9770424394206038
