,index,0
0,brier,0.16342679189723883
1,aupr,0.8957526265924705
2,auroc,0.8336449646610076
