,index,0
0,brier,0.08810115873150141
1,aupr,0.8436338394590975
2,auroc,0.9166580055269936
