,index,0
0,brier,0.07703123816277387
1,aupr,0.9811671955447074
2,auroc,0.9133678339277874
