,index,0
0,brier,0.048270879263448405
1,aupr,0.826829165930697
2,auroc,0.9667188044793069
