,index,0
0,brier,0.032781975508154405
1,aupr,0.7115260035919426
2,auroc,0.9554136829612164
