,index,0
0,brier,0.20242988715362292
1,aupr,0.8089219039172567
2,auroc,0.7612415284480841
