,index,0
0,brier,0.1622471927789607
1,aupr,0.9583701561113088
2,auroc,0.7980293996856103
