,index,0
0,brier,0.0419725931703956
1,aupr,0.6089290693893096
2,auroc,0.8890716505278847
