,index,0
0,brier,0.056760411617582524
1,aupr,0.7140110176792138
2,auroc,0.9126692449886342
