,index,0
0,brier,0.04584160481335767
1,aupr,0.8399828286030936
2,auroc,0.9587852815757413
