,index,0
0,brier,0.12478651421503341
1,aupr,0.6813847239221301
2,auroc,0.8454915564566305
