,index,0
0,brier,0.03478062996031746
1,aupr,0.7435653197485625
2,auroc,0.962369245774135
