,index,0
0,brier,0.058087673611111106
1,aupr,0.7688877485275949
2,auroc,0.9508283776439812
