,index,0
0,brier,0.18601053030303027
1,aupr,0.8590815986624601
2,auroc,0.7736238293311352
