,index,0
0,brier,0.050904315476190475
1,aupr,0.8979258952857817
2,auroc,0.9698839599972926
