,index,0
0,brier,0.08695954545454546
1,aupr,0.8474480733236289
2,auroc,0.9272852239058845
