,index,0
0,brier,0.07850080808080809
1,aupr,0.9800253997991301
2,auroc,0.9149015964280152
